id,MasterItemNo,QtyShipped
3708,1,2.0
6302,2,1.275
8687,3,36.0
361,4,0.0
13231,5,0.22
9001,6,2.0
1924,7,153.0
8950,8,0.2
4449,9,0.0
1954,10,30.0
3695,11,240.0
7966,12,0.72
8870,13,1.0
13371,14,2.0
12399,15,4.16
11113,16,0.076
9397,17,0.7
3469,18,40.0
12723,19,0.04
10172,20,0.288
1386,21,0.0
3388,22,30.0
12442,23,1.0
5747,24,256.0
12411,25,30.0
13189,26,0.768
10114,27,0.63
8876,28,44.0
2930,29,1.0
869,30,0.0
13061,31,0.64
609,32,0.0
4605,33,0.0
1731,34,0.0
7337,35,0.72
3703,18,200.0
11948,36,0.04
5130,37,1350.0
5606,38,0.2
10684,39,3.0
8297,40,0.62
4541,41,0.0
1321,42,0.0
5816,43,1.0
11013,44,0.2
4376,45,48.0
1603,46,0.0
10743,47,26.0
10443,48,96.0
2321,49,1.0
4251,50,413.32
2996,51,16.0
5859,52,2.0
12269,53,1.96
64,54,0.0
2520,55,5.0
10001,56,0.026
10229,57,4.5
12295,58,2.0
10772,59,0.2
3985,60,160.0
4873,61,0.0
9059,62,10.56
3502,63,20.0
6462,64,0.5
354,65,0.0
9759,66,1.665
1596,67,0.0
7922,68,0.1
4004,60,600.0
1143,69,0.0
10804,70,0.3
3791,71,2.0
7110,72,0.1
1394,73,0.0
12752,74,1.0
3205,75,4.0
8055,76,0.192
11540,77,0.2
2349,78,250.0
11867,79,1.2
7464,80,9.984
12015,81,8.643
1373,82,0.0
8272,83,0.096
2928,84,360.0
11263,85,0.04
7364,86,0.7
2120,87,2.0
12208,58,2.0
3077,88,200.0
3694,89,2496.0
10426,90,0.208
6246,91,2.5
7927,92,0.8
11876,93,0.224
2911,94,252.0
5814,95,1.0
5427,96,2.753
1531,97,0.0
7653,98,40.0
2183,99,240.0
11578,100,0.412
5810,95,1.0
13229,101,0.25
5062,5,1.0
12051,44,0.5
3956,102,5.0
10847,103,50.0
12847,36,0.03
8515,104,0.08
2526,102,5.0
4098,105,24.0
13093,40,0.48
5887,106,0.3
2502,107,4.0
3942,18,100.0
3707,10,25.0
12119,108,2.88
13291,109,0.2
7656,110,40.0
9979,111,0.32
12683,112,0.3
8729,113,0.032
10085,114,0.03
2656,115,32.0
5917,116,0.624
7866,117,0.2
12672,118,2.0
11032,112,2.0
2070,119,1.0
9036,120,0.32
3194,121,8.0
11845,62,4.8
456,122,0.0
10126,123,0.2
6724,124,0.6
1702,125,0.0
10521,85,1.6
3059,60,160.0
12751,126,6.0
4871,127,0.0
5548,80,0.256
873,128,0.0
3022,63,2.0
2895,89,576.0
938,129,0.0
169,130,0.0
12719,131,52.0
9626,58,0.5
4348,132,512.01
1740,133,0.0
8856,134,0.02
4024,135,3.0
9648,136,0.14
10547,137,0.24
11910,138,1.793
4619,139,0.0
13128,140,48.0
4702,141,0.0
3317,142,25.0
8577,143,0.24
2752,115,32.0
6031,116,0.12
7574,144,40.0
4203,145,500.0
5229,146,0.456
9271,147,0.385
9726,148,0.26
2808,149,100.0
4016,150,256.0
12803,151,1.0
5051,40,0.24
9966,40,2.64
4505,152,0.0
1087,153,0.0
7493,154,48.0
12416,58,1.2
11323,155,4.0
2021,60,1200.0
12233,156,16.128
12191,62,0.48
5269,157,0.48
4844,158,0.0
3044,159,1.0
7308,160,0.01
12426,140,25.0
3822,161,1.0
2311,135,2.0
12544,162,0.6
8971,163,0.68
305,164,0.0
1563,165,0.0
5432,166,2.35
7672,167,2.0
13214,44,0.2
11846,168,3.779
3018,169,40.0
6210,170,0.072
539,171,0.0
13342,172,0.1
182,173,0.0
2443,174,2.0
2630,135,4.0
7198,175,0.08
750,176,0.0
10636,177,28.0
10307,146,0.456
4266,178,880.0
6866,112,0.2
4809,179,0.0
6339,180,0.96
1079,181,0.0
7979,182,0.2
1214,183,0.0
11159,80,0.128
721,184,0.0
400,185,0.0
9692,186,3.2
10095,187,2.0
6051,70,0.04
5724,188,-0.36
5925,189,0.6
12619,190,0.5
12336,191,0.35
5364,192,3.6
8672,91,0.5
625,133,0.0
8192,26,-5.184
1115,193,0.0
3795,102,5.0
3541,115,128.0
9,194,0.0
3121,195,1.0
6936,196,0.1
1483,197,0.0
8019,154,48.0
2445,198,6.0
458,199,0.0
12971,200,0.063
1176,201,0.0
13162,202,0.1
4354,203,1.0
3861,204,1824.0
8993,205,5.0
11543,206,0.085
6085,80,3.328
7591,207,0.24
2532,208,288.0
9373,209,6.0
6804,210,0.12
6935,196,0.1
2797,211,1.0
519,212,0.0
5873,213,4.5
2967,214,400.0
5964,215,0.3
312,216,0.0
7278,217,0.5
1698,218,0.0
9054,219,12.0
7220,220,0.2
2508,178,8.0
11865,19,1.0
5271,157,0.48
12106,40,0.024
10371,85,0.4
7221,221,0.1
9762,222,0.096
12311,223,0.03
10330,114,0.02
10911,224,0.2
3955,102,5.0
2110,135,2.0
4025,225,5.0
7753,226,0.2
6957,227,2.0
9212,228,0.5
2367,71,2.0
3586,55,15.0
3976,229,1.0
3298,135,10.0
11537,230,0.988
5063,5,1.0
3078,231,10.0
10392,232,0.7
7622,233,0.96
2345,18,300.0
5968,234,1.0
13377,95,1.0
6887,80,3.328
488,235,0.0
4990,236,4.992
8575,237,0.72
9050,238,0.04
8808,236,15.84
12036,239,1.0
10363,240,1.485
11803,241,2.0
2320,49,1.0
7077,242,0.2
12032,243,0.8
8775,244,3.0
6879,58,1.2
12781,245,1.0
4606,246,0.0
8458,247,0.08
5408,91,3.0
12074,248,0.24
3706,249,504.0
249,250,0.0
6974,251,2.0
6119,252,0.3
2702,253,1.0
4247,254,3409.89
8490,255,0.14
451,256,0.0
11034,114,0.02
7950,257,0.224
3729,258,768.0
2885,259,600.0
12158,260,1.321
4985,230,0.19
2185,261,240.0
6265,242,0.4
71,262,0.0
7196,263,0.022
6015,264,6.81
6474,265,2.0
1494,266,0.0
10376,267,0.1
7840,268,3.75
4102,63,1.0
8754,269,0.672
11350,270,2.0
5886,80,0.96
11015,271,1.82
6000,241,20.0
1086,272,0.0
10127,273,0.4
8815,26,2.496
11325,274,0.96
12020,24,20.0
3209,275,1.0
10668,85,8.32
10680,276,13.0
8369,277,0.02
9465,278,0.256
812,279,0.0
7812,280,0.0
3466,281,360.0
6088,282,1.2
4031,283,150.0
9177,284,4.0
9227,285,0.03
11812,72,0.24
10195,112,1.0
8094,286,2.0
11194,217,0.09
8676,287,0.01
10219,58,0.06
1062,288,0.0
1347,289,0.0
4239,290,7680.0
5986,291,20.0
4562,292,0.0
10303,217,0.1
12142,293,0.32
4827,294,0.0
3659,295,200.0
13321,296,100.0
9574,297,0.4
9009,298,1.6
9239,299,0.3
9463,123,1.08
9516,189,2.0
2158,300,250.0
901,301,0.0
6763,302,1000.0
100,303,0.0
12154,5,0.5
12901,304,1.2
2228,305,2.0
10042,306,2.88
8834,307,10.0
8898,118,1.0
10544,308,0.22
3167,309,10.0
2953,214,200.0
6481,310,0.048
386,311,0.0
411,312,0.0
1484,313,0.0
13178,68,0.2
11891,314,0.144
2037,315,80.0
5264,316,0.24
13274,317,3.9
885,318,0.0
5000,319,0.96
534,320,0.0
2291,321,96.0
3410,275,1.0
10356,322,0.36
7638,323,0.66
2010,11,480.0
11701,324,1.056
1374,325,0.0
3834,326,50.0
10592,327,0.04
12180,328,0.36
10775,329,0.048
11988,330,12.0
219,331,0.0
5682,332,5.4
1635,333,0.0
9923,334,0.16
3101,145,500.0
1011,335,0.0
543,336,0.0
8590,337,1.12
2803,338,1.0
11853,243,0.22
9791,339,0.14
1660,340,0.0
8609,341,3.0
9738,342,0.08
4815,343,0.0
1458,344,0.0
12907,5,0.5
3895,345,1.0
6914,346,30.0
9644,17,0.14
6832,109,1.0
1431,347,0.0
6741,348,5.0
5529,349,0.304
6844,350,0.42
8122,112,0.36
5492,351,0.04
2055,352,2.0
4349,352,4.0
10920,353,3.0
10543,354,5.1
10585,355,0.518
10507,356,0.48
12832,357,400.0
11559,358,20.0
2408,326,50.0
2309,352,2.0
1311,359,0.0
10432,360,0.2
8105,162,0.1
2486,361,300.0
7075,154,48.0
8774,80,0.32
12538,277,0.24
5508,362,5.44
2335,249,504.0
11218,363,3.8
8052,80,0.576
12902,112,0.5
5876,264,11.674
11244,364,0.7
5461,348,20.0
6174,365,8.0
11104,366,10.0
2620,60,2400.0
1490,367,0.0
12750,368,4.16
10811,16,0.75
13277,369,0.25
4014,370,120.0
8818,371,0.2
8422,17,0.1
114,372,0.0
5829,373,0.142
3920,374,1.0
8929,241,1.0
3843,375,1.0
5525,376,0.38
9822,377,0.518
12057,91,1.0
928,378,0.0
36,379,0.0
2304,94,1080.0
10997,380,0.24
6779,140,48.0
4065,49,1.0
587,381,0.0
5338,382,8.832
7771,91,0.5
4817,383,0.0
5381,277,0.4
5665,384,1.0
2352,385,800.0
773,386,0.0
8730,387,0.064
4717,388,0.0
10375,389,9.6
1040,390,0.0
48,391,0.0
4872,392,0.0
11651,348,3.0
6619,393,1.08
13003,85,12.48
10784,117,0.2
4755,394,0.0
9582,395,0.01
3571,396,384.0
8873,397,19.0
8281,398,0.192
5129,399,500.0
9270,400,0.6
8395,401,30.0
9366,38,0.1
12636,80,4.992
11142,16,1.96
2778,402,1.0
978,403,0.0
4245,404,240.0
11993,85,1.04
7380,405,2.0
4105,406,120.0
13196,407,0.7
9780,408,0.1
6153,224,0.1
12815,196,0.1
11969,409,0.96
2817,410,1.0
1352,411,0.0
1179,313,0.0
7188,412,0.04
9575,413,0.24
12081,414,1.0
7496,415,2.4
9879,85,0.48
11941,416,0.12
11073,85,5.2
7253,310,0.384
12715,368,3.328
9137,417,1.0
10890,44,0.9
7151,418,0.1
6928,3,20.0
2453,419,48.0
380,420,0.0
3510,421,720.0
11298,422,0.6
12221,423,0.36
4786,424,0.0
11108,425,0.624
5961,5,0.5
7394,426,24.0
10582,427,0.12
11521,243,0.16
3679,428,1.0
8656,429,1.0
9618,112,0.2
10649,362,0.0
9223,430,0.98
3593,283,100.0
6791,264,11.674
8705,182,0.03
9159,431,-4.32
3308,432,200.0
291,433,0.0
1122,54,0.0
2902,434,256.0
8201,205,2.0
5787,80,0.128
9031,435,1.56
7114,436,0.19
8352,236,12.48
2239,437,624.0
13297,162,1.0
1262,438,0.0
6396,417,1.0
7524,439,1.1
1384,440,0.0
11391,85,2.08
2413,441,1.0
7525,442,1.8
2418,443,250.0
4339,444,240.0
9471,445,0.06
1003,446,0.0
248,446,0.0
8872,447,2.0
2665,18,200.0
9691,448,0.176
11859,146,0.38
3117,203,1.0
512,449,0.0
11683,241,1.0
10504,330,25.0
6823,412,0.2
10165,450,0.192
1108,451,0.0
8841,452,1.0
3847,453,3.0
13010,454,0.96
10481,455,0.064
10198,456,60.0
12118,457,8.832
10634,85,1.04
136,458,0.0
5217,44,1.6
2406,459,10.0
2472,315,100.0
7404,460,0.0
2338,326,30.0
12993,62,0.24
6932,461,0.64
12453,210,0.03
7682,24,20.0
8361,282,0.12
11092,462,0.192
10395,463,1.0
10689,464,0.2
4672,465,0.0
5490,466,0.03
10498,467,5.0
5340,468,5.0
6836,469,0.36
9949,470,0.168
12275,471,1.5
3423,472,1.0
12415,473,3.0
9393,3,70.0
1324,474,0.0
13340,189,0.06
2985,63,20.0
2219,428,1.0
7473,291,10.0
9262,172,0.5
5982,341,2.0
903,475,0.0
1966,476,5.0
7754,191,0.1
6572,264,11.674
10491,477,4.8
11162,478,20.0
748,479,0.0
1881,18,200.0
1922,480,500.0
979,481,0.0
931,482,0.0
9683,215,0.2
8741,483,1.0
13095,484,0.48
7956,485,0.064
4706,486,0.0
10102,271,1.0
5059,365,8.0
9472,64,0.06
5844,487,9.6
7458,488,0.06
9849,112,1.0
3718,78,600.0
6578,236,7.488
285,489,0.0
13190,490,1.0
9544,409,0.84
6394,252,0.1
11178,248,0.12
8758,485,0.048
174,491,0.0
10827,492,0.448
4601,493,0.0
6612,348,7.0
3614,494,192.0
834,359,0.0
863,495,0.0
3016,496,12.0
3290,89,2496.0
3845,338,1.0
4368,497,320.0
8396,498,20.0
3315,499,2.0
11362,500,1.0
12903,501,3.6
11275,487,4.0
11068,502,0.428
7817,457,2.944
12810,503,1.2
11763,155,1.0
1237,504,0.0
6743,348,5.0
1036,505,0.0
2789,506,1.0
1600,507,0.0
12900,508,0.75
3039,509,480.0
7863,510,0.6
7274,271,0.4
7173,277,0.06
4954,511,1.2
5889,512,96.0
7498,513,0.5
4078,514,1.0
6659,515,1.8
2056,135,2.0
4405,516,100.0
7673,167,2.0
9786,517,0.06
6179,202,1.0
1769,518,0.0
10004,519,0.4
8031,520,0.048
12866,25,45.0
6162,228,0.4
3560,521,144.0
1226,522,0.0
120,523,0.0
3617,524,1.0
8573,44,0.1
12705,525,0.1
8377,526,0.024
3859,18,100.0
1627,527,0.0
8486,528,0.06
11438,529,0.2
7954,530,0.64
8905,484,0.528
13409,361,130.0
4537,531,0.0
9847,38,0.1
658,532,0.0
5796,533,0.1
8254,534,2.0
8137,155,142.0
7454,189,0.3
11355,535,0.152
10453,536,1.08
5372,537,1.3
7045,358,20.0
13258,44,0.3
3690,538,280.0
11873,327,0.52
705,539,0.0
3269,540,500.0
9188,511,1.404
12718,541,0.336
358,542,0.0
3352,428,2.0
9560,457,0.256
10871,543,20.0
8803,529,0.3
6728,180,0.24
151,544,0.0
6177,58,2.0
432,545,0.0
1007,546,0.0
12535,510,0.5
6506,510,0.4
4334,547,15.0
1666,548,0.0
2059,174,3.0
8601,418,0.27
5933,112,0.6
9428,172,0.9
10621,549,2.1
6374,188,0.1
11980,358,600.0
11663,550,18.989
1580,551,0.0
5744,140,48.0
10022,44,0.5
13242,162,0.4
7926,552,6.4
1084,553,0.0
4862,554,0.0
8638,555,0.54
11317,219,12.0
6312,556,0.51
4961,557,3.6
1517,558,0.0
1663,559,0.0
9158,62,-2.4
8370,560,0.12
8485,561,0.14
11334,454,0.384
10640,562,5.0
2129,563,1.0
11979,564,12.5
6857,565,0.036
2761,566,300.0
8305,567,2.24
1218,568,0.0
34,569,0.0
796,570,0.0
9685,571,4.625
6307,572,1.7
469,573,0.0
11234,38,0.4
2146,142,5.0
1576,574,0.0
6538,70,0.5
7984,47,-30.0
4270,575,640.0
2994,576,1200.0
7874,577,0.06
7989,578,2.94
4468,579,0.0
3996,352,7.0
4171,55,30.0
9935,286,0.16
7946,530,0.288
2272,580,360.0
6917,581,0.18
12821,582,0.2
4983,36,0.48
1745,583,0.0
8684,584,1.92
4353,115,64.0
11932,585,0.25
12090,108,0.72
4964,81,5.725
178,586,0.0
4920,587,0.266
3456,588,1.0
3195,60,800.0
6826,418,0.5
7320,68,0.4
926,129,0.0
12455,252,0.1
2389,295,800.0
2992,88,650.0
9565,304,0.24
10690,589,0.07
42,590,0.0
13029,91,0.5
7056,591,0.14
10199,160,0.3
9905,592,2.0
7967,593,2.4
4831,594,0.0
51,595,0.0
10698,44,0.48
10845,596,0.078
3306,597,960.0
4227,598,1.0
4106,599,256.0
9241,600,0.2
2202,601,2.0
7518,77,0.24
8406,602,0.224
5861,219,5.0
11451,454,0.192
3276,89,2496.0
8494,118,1.0
8298,274,1.24
8140,215,0.01
8882,603,10.5
1689,604,0.0
13376,605,1.0
13358,319,0.32
11557,85,2.08
11403,606,0.0
7022,607,0.16
5583,608,5.363
11238,85,2.08
12377,609,2.0
1684,610,0.0
4639,611,0.0
9666,296,30.0
10422,612,5.0
9103,613,1.0
4206,249,4032.0
3066,78,400.0
1023,614,0.0
3080,231,10.0
10849,541,0.0
397,615,0.0
168,616,0.0
5495,512,4.0
9639,617,5.22
12102,618,0.06
7515,619,2.0
9244,620,0.5
8751,76,0.128
7078,242,0.2
1329,621,0.0
3838,538,140.0
11276,207,0.048
2123,622,210.0
3252,521,864.0
1800,623,0.0
12409,624,1.0
7368,277,0.2
10484,625,1.7
435,626,0.0
1227,627,0.0
3725,628,100.0
9021,629,0.128
6311,556,0.51
1476,630,0.0
9356,631,0.608
2449,345,1.0
2693,632,1.0
6283,112,0.02
2914,633,54.0
4994,600,0.52
6693,634,10.0
7284,635,0.3
12879,636,0.68
10691,101,0.05
1454,637,0.0
7043,358,20.0
252,638,0.0
10506,52,1.5
12908,64,0.05
10877,182,0.1
8694,639,0.03
8964,418,0.15
9857,640,2.0
12932,172,1.0
13042,154,288.0
9846,364,0.08
9810,641,1.8
7686,47,25.0
11819,642,0.11
11699,643,1.0
150,644,0.0
5045,58,5.0
12604,85,4.16
12917,645,0.2
8380,646,0.064
6180,647,0.2
12314,120,0.128
9427,44,0.2
3081,231,10.0
11716,215,0.2
1359,648,0.0
201,199,0.0
7904,649,28.0
3911,18,100.0
2615,650,1.0
764,651,0.0
11725,182,0.01
8372,25,60.0
13142,652,0.32
11240,364,0.24
3147,653,2.0
11461,172,4.0
10365,219,30.0
994,654,0.0
6924,655,0.1
1685,656,0.0
9713,657,0.78
6291,140,48.0
7842,85,2.72
10464,77,0.3
7111,658,0.16
13069,659,0.72
13420,660,10.0
5325,468,5.0
6293,543,40.0
84,661,0.0
11404,80,0.544
1656,662,0.0
4075,115,32.0
8831,484,1.44
1327,193,0.0
6570,600,3.0
9752,517,0.05
2391,295,800.0
9835,85,0.24
8544,76,0.032
9605,85,0.8
4642,663,0.0
430,664,0.0
5108,5,1.0
9415,112,0.05
9446,366,10.0
5707,665,1.152
11207,666,0.39
8021,236,1.92
3699,667,1.0
2747,668,1.0
3132,480,80.0
10860,511,0.144
7293,669,-0.288
7059,501,2.16
1845,670,140.0
8381,671,0.02
3483,672,1.0
7521,673,0.25
3071,295,100.0
294,674,0.0
7751,365,1.0
1787,675,0.0
5419,215,0.2
103,654,0.0
7837,366,3.0
10241,676,14.0
8223,677,2.0
7758,172,1.0
8171,678,0.425
5373,679,0.45
1158,680,0.0
10076,679,0.04
1513,288,0.0
654,518,0.0
7671,251,2.0
7342,681,0.36
6278,304,0.6
12624,682,0.273
3777,18,200.0
8742,457,0.032
6139,332,5.4
11732,683,0.42
12822,80,1.28
6959,684,2.5
5728,600,4.0
6408,5,0.6
5080,607,0.2
8092,685,0.018
2082,599,320.0
6946,221,0.3
2233,18,100.0
7587,686,0.2
8147,215,0.15
13266,687,2.0
7199,688,0.022
12680,117,0.3
104,689,0.0
8949,690,1.0
12427,24,20.0
6416,291,10.0
11139,691,0.08
3342,18,30.0
9773,692,50.0
3012,693,6.0
648,54,0.0
12096,44,0.1
1723,201,0.0
7975,277,0.2
6102,694,1.0
11951,112,0.6
4992,209,24.0
5119,695,0.064
11330,366,5.0
6132,114,0.12
6347,252,2.0
7345,223,0.08
544,696,0.0
3070,295,100.0
12299,697,0.24
6188,698,1.08
12446,699,0.2
4099,700,1.0
10437,177,150.0
4528,701,0.0
5897,478,40.0
742,288,0.0
12549,25,30.0
11550,36,0.64
8189,26,-5.184
9608,484,0.12
6373,702,0.02
3647,703,150.0
10414,704,0.32
8969,705,0.6
4442,706,0.0
9288,707,0.108
3670,78,200.0
4202,708,15.0
13347,634,16.0
3652,709,250.0
2681,174,1.0
8268,710,0.04
8874,28,68.0
1792,711,0.0
8539,712,0.04
3964,208,288.0
840,713,0.0
7074,264,11.674
11321,714,25.0
9035,715,1.0
3373,716,200.0
11174,24,10.0
4084,18,200.0
8827,484,0.48
4399,650,1.0
7365,245,0.38
745,717,0.0
12639,62,0.048
3854,480,200.0
6215,487,5.44
4951,718,2.96
6146,719,24.0
3839,720,20.0
9872,286,0.8
5387,332,4.68
13352,40,14.4
2013,480,250.0
6931,461,0.64
4697,721,0.0
2040,722,40.0
6770,723,0.064
11758,724,0.021
1612,558,0.0
9016,467,4.0
8164,725,0.05
8048,40,0.84
5853,519,0.16
4150,89,12480.0
11878,679,0.1
2190,726,480.0
896,318,0.0
13155,727,13.0
829,728,0.0
6084,112,1.0
2975,597,1440.0
11961,58,0.5
12434,241,5.0
1198,122,0.0
9296,729,0.42
2555,361,200.0
536,730,0.0
3324,731,40.0
7439,467,2.0
2268,732,1.0
5708,733,0.04
12966,734,1.41
2020,305,5.0
1770,518,0.0
8296,511,0.66
11061,735,5.0
7540,736,1.4
4914,737,0.0
1706,738,0.0
10317,189,0.5
1044,739,0.0
11568,85,4.16
8941,740,0.1
374,741,0.0
4882,742,0.0
4455,743,0.0
12259,744,-0.473
11987,112,0.3
6518,745,1.0
5467,600,2.0
6640,746,0.084
3521,60,640.0
12393,144,25.0
5247,747,2.0
8251,725,0.1
3890,94,720.0
12278,748,0.384
12799,749,0.12
2022,60,2400.0
12284,366,3.0
1622,54,0.0
9321,286,0.048
7192,750,0.055
2401,751,2.0
3704,295,400.0
1587,752,0.0
2460,480,200.0
13259,162,1.5
12031,600,0.8
2806,753,3.0
13312,85,2.08
6183,210,1.2
6729,189,0.6
11592,365,6.0
3616,524,1.0
9441,108,0.48
10026,754,0.2
12050,755,2.64
9469,756,1.792
4768,757,0.0
7773,47,1.0
4955,364,2.652
8085,758,1.76
4093,78,100.0
8938,759,6.8
10792,405,1.0
13169,760,1.95
10374,761,12.0
677,762,0.0
7670,251,2.0
10931,64,0.3
922,318,0.0
6561,763,0.72
1183,764,0.0
4437,765,0.0
4680,766,0.0
222,546,0.0
6067,189,0.4
11661,767,7.326
10801,484,0.804
8438,62,0.048
2743,768,240.0
8511,47,10.0
3990,769,170.67
12978,265,5.0
334,770,0.0
7277,217,0.5
1984,771,1.0
3669,78,200.0
1356,772,0.0
7019,773,2.88
2910,361,100.0
4412,774,1.0
9933,427,0.1
11302,775,14.0
10310,776,0.304
11484,777,0.6
1979,778,3.0
2184,99,240.0
4330,135,4.0
2827,779,1.0
5050,274,0.48
6099,348,5.0
3653,75,8.0
7225,25,40.0
725,780,0.0
13171,781,0.03
11565,456,12.0
3873,18,80.0
6473,782,4.8
1419,783,0.0
8414,784,2.0
8249,785,0.476
1946,786,120.0
448,193,0.0
6021,409,0.168
5577,787,4.0
9143,112,0.1
7329,788,1.8
3820,161,1.0
11430,23,2.0
7229,789,1.8
2754,790,1.0
5768,791,52.0
8068,79,0.2
684,235,0.0
3232,792,25.0
10216,793,0.352
876,794,0.0
2936,295,400.0
10971,795,0.48
11727,796,1.0
3446,476,10.0
1990,174,80.0
8009,797,1.68
2535,798,2.0
9781,799,0.2
9498,511,0.48
1796,800,0.0
6821,332,3.6
4097,135,1.0
5484,801,1.12
1958,361,80.0
6460,202,0.5
10141,802,0.14
1741,583,0.0
2035,803,10.0
7203,804,0.05
5169,805,0.16
5400,806,0.24
4661,807,0.0
6424,600,2.0
1238,808,0.0
6962,172,4.0
4074,115,32.0
102,809,0.0
11577,112,3.36
2488,720,200.0
6331,810,0.4
8665,456,6.0
980,811,0.0
9705,812,0.026
10019,58,0.3
3091,115,160.0
4731,813,0.0
11887,618,0.3
11736,291,30.0
1154,814,0.0
12381,815,0.06
2265,75,8.0
3394,816,1.0
1936,421,1360.0
1784,817,0.0
8765,818,0.76
3572,145,500.0
6505,215,0.1
9253,819,3.273
3489,820,1.0
8594,52,0.2
12795,677,1.0
10669,821,0.64
3356,822,1.0
7200,823,0.044
3379,824,2.0
12515,62,0.024
9483,825,3.0
20,826,0.0
8199,85,1.4
10787,827,0.14
1434,828,0.0
3462,829,10.0
4984,146,0.304
8243,830,2.0
322,831,0.0
5285,377,0.84
3543,115,128.0
4129,115,1600.0
4895,832,0.0
12383,833,2.0
8884,620,0.75
9369,80,0.32
5077,177,50.0
10400,467,3.0
8867,834,0.192
264,835,0.0
3574,836,250.0
7318,837,0.3
3448,803,10.0
1369,838,0.0
2255,419,24.0
2484,231,80.0
7175,679,0.1
474,839,0.0
9495,417,1.0
9503,80,0.96
7554,35,0.54
6609,24,3.0
5839,840,50.0
8664,841,1.0
11090,353,0.5
11111,842,0.336
9222,843,3.12
8480,38,0.1
7933,844,0.16
10815,845,0.442
12920,787,3.0
8622,144,10.0
10428,414,1.0
3014,89,1248.0
3380,846,1.0
2958,521,144.0
7208,412,0.2
3874,231,80.0
10052,44,0.36
6585,847,2.0
7727,366,3.0
7402,747,5.0
12620,736,2.2
9518,848,1.0
9967,431,4.8
851,288,0.0
3475,769,512.01
11974,634,6.0
11907,849,256.0
9576,850,0.05
10082,64,0.02
10731,851,0.24
5684,332,5.4
11533,852,0.16
6287,853,6.0
6683,854,0.3
7132,175,0.08
6026,487,3.136
6335,236,6.048
968,855,0.0
2168,11,240.0
6422,304,0.96
2128,856,1.0
12698,857,0.0
96,858,0.0
1492,859,0.0
3818,18,140.0
7714,860,0.064
7600,310,0.384
4963,168,3.779
60,861,0.0
8936,862,0.028
4076,115,32.0
11990,863,0.2
10509,864,5.76
9569,865,1.008
12192,866,54.0
8523,867,0.048
9968,868,6.0
11328,869,5.0
462,870,0.0
3882,871,270.0
5513,872,12.0
6559,270,1.0
3932,632,1.0
2981,873,4500.0
10631,243,0.2
5067,418,0.6
13152,874,0.192
9246,389,14.4
9842,875,0.0
10580,217,0.46
2003,876,2160.0
3028,650,1.0
11536,36,0.26
328,877,0.0
5845,112,2.0
1054,878,0.0
10650,549,0.0
8317,541,0.096
4683,879,0.0
8956,712,0.04
11416,26,2.88
331,880,0.0
9020,881,0.24
7434,679,0.24
9963,882,0.32
614,201,0.0
1283,883,0.0
9255,427,0.6
4723,884,0.0
15,885,0.0
6919,418,0.5
4111,597,960.0
12596,85,8.32
6267,252,0.1
9116,47,26.0
9302,549,1.008
4113,84,360.0
612,201,0.0
4415,352,3.0
2772,410,1.0
10081,782,0.024
6976,500,1.0
5035,886,0.096
5121,887,0.12
6065,189,0.4
1965,792,10.0
12556,405,1.0
5779,44,1.0
4864,888,0.0
8218,511,0.24
4300,716,1000.0
2616,889,1.0
2770,890,1.0
8527,891,0.4
3600,99,240.0
2474,374,1.0
6811,677,5.0
971,892,0.0
9100,613,-1.0
6533,239,1.0
13379,95,1.0
4011,893,192.0
4726,894,0.0
6385,895,0.06
5757,806,0.12
6699,498,25.0
12539,896,0.288
3083,361,200.0
13361,869,1.0
11155,777,0.8
2145,309,10.0
6746,471,0.14
10935,897,0.353
1808,597,480.0
9604,37,450.0
8125,898,14.0
10613,511,0.264
6651,3,60.0
8417,799,0.05
3488,820,1.0
11613,852,1.0
1167,546,0.0
6576,899,2.8
8674,900,0.147
12107,901,1.2
10914,85,16.64
11847,81,5.725
3615,524,1.0
12591,85,13.28
6915,902,0.18
9101,454,0.192
6455,85,1.0
4059,903,0.0
1112,193,0.0
5405,5,0.2
709,904,0.0
5567,905,1.0
2993,906,700.0
6593,589,0.084
11036,907,0.16
7996,282,0.6
1348,908,0.0
5227,909,1.0
12217,910,1.44
9264,36,0.2
5279,96,3.147
5305,366,6.0
1209,122,0.0
7760,24,30.0
425,122,0.0
555,911,0.0
945,912,0.0
6187,180,0.36
8295,567,2.24
4166,283,0.0
2271,258,384.0
2715,913,100.0
2969,84,360.0
13118,182,0.2
12405,80,0.448
4005,914,320.0
13018,915,0.18
10194,24,30.0
5848,916,20.0
4366,597,240.0
10708,36,0.42
3425,10,20.0
5690,872,48.0
5788,80,0.128
9287,525,0.5
5197,348,6.0
3170,115,1280.0
9456,366,3.0
2657,514,1.0
13172,917,0.05
3805,428,1.0
69,918,0.0
4238,919,16.0
3060,60,160.0
12960,920,0.28
3207,921,2.0
9994,922,0.107
7896,923,24.0
8258,319,0.384
12632,19,0.5
10164,924,3.04
3852,769,682.68
11602,541,0.576
5913,925,1.644
7742,118,4.0
4979,600,0.12
3329,476,5.0
733,926,0.0
246,927,0.0
3099,145,500.0
11309,928,0.608
5621,929,0.195
7459,930,0.06
2436,871,270.0
5494,512,4.0
2705,547,14.0
9863,58,0.2
9148,561,0.6
11071,931,0.44
5937,454,3.84
6551,483,3.0
674,451,0.0
8194,241,6.0
1607,932,0.0
4839,933,0.0
477,934,0.0
3888,55,5.0
12013,168,3.648
2875,935,2.0
9308,936,0.1
4863,937,0.0
2617,938,-100.0
6386,939,0.384
9380,271,0.1
10270,940,0.36
1509,941,0.0
4902,942,0.0
1955,601,5.0
4880,943,0.0
8112,600,0.3
5596,944,0.048
6426,282,2.64
4047,374,1.0
4451,945,0.0
12231,868,1.0
7347,560,0.12
6748,946,0.12
813,507,0.0
8432,267,0.1
9723,851,0.216
4808,947,0.0
6259,948,0.2
2178,361,100.0
10653,85,8.32
10512,949,1.008
4443,950,0.0
7039,58,0.2
6352,215,0.1
1428,859,0.0
9058,98,-100.0
4521,951,0.0
10286,952,0.0
6785,44,0.48
7943,83,0.192
6862,332,3.6
1414,953,0.0
115,954,0.0
11554,955,0.15
7781,6,1.0
13074,956,0.32
12659,957,1.0
231,958,0.0
6330,959,0.13
2678,700,1.0
13216,960,0.126
7421,684,2.5
9034,961,0.4
1521,962,0.0
5999,241,20.0
215,963,0.0
4641,964,0.0
9667,965,0.324
5341,118,5.0
8084,513,0.04
5923,282,1.2
697,201,0.0
12000,966,0.112
2632,174,20.0
6524,47,40.0
11221,967,1.0
4388,968,2016.0
11789,969,0.096
11381,24,64.0
6168,271,0.4
9080,223,1.3
2030,970,5.0
6082,112,1.0
7635,5,0.6
7697,180,0.24
13404,352,4.0
8679,971,1.0
8893,869,4.0
10938,972,13.033
737,973,0.0
5610,487,4.8
13099,232,0.448
12042,974,3.2
7887,758,1.792
5776,484,0.78
11660,975,2.728
12092,976,2.0
11153,329,0.048
3528,295,200.0
1499,977,0.0
10037,978,0.0
13319,979,3.0
3442,283,60.0
5929,980,0.6
3500,225,10.0
32,858,0.0
7976,981,0.1
2440,428,1.0
2326,84,360.0
12372,980,0.2
3624,597,32.0
5047,600,0.36
9725,982,0.15
13081,79,0.1
6833,983,0.16
3296,984,288.0
12661,236,2.496
3069,78,400.0
12228,236,12.48
484,985,0.0
4326,60,1040.0
2125,986,3.0
12704,917,0.1
12848,980,0.02
12340,236,5.76
8332,987,0.16
11772,418,3.0
12858,360,0.2
12871,44,1.5
10478,988,0.576
7333,989,0.98
9186,842,1.44
4891,990,0.0
9085,112,1.0
6956,991,1.0
12431,609,17.0
3853,769,682.68
5533,992,0.078
11639,366,1.0
12143,993,0.16
300,201,0.0
13262,85,8.32
5439,994,14.0
1409,995,0.0
6453,154,96.0
10732,24,64.0
1748,996,0.0
10735,997,0.6
12301,457,0.192
1415,630,0.0
7991,998,1.28
500,518,0.0
669,999,0.0
2537,1000,1.0
9403,872,12.0
12868,487,3.2
2860,716,160.0
1581,1001,0.0
11318,1002,36.0
9318,1003,0.18
3903,1004,20.0
12369,1005,-30.0
12507,1006,2.0
304,176,0.0
5435,19,0.4
11625,719,1.0
1019,1007,0.0
5401,806,0.24
4696,1008,0.0
6573,264,5.837
6889,348,20.0
2792,1009,12.0
6418,791,52.0
4769,1010,0.0
5666,1011,1.0
8064,1012,0.64
11184,1013,0.75
12337,101,0.5
6012,91,0.04
12342,236,9.984
2629,352,4.0
5698,791,52.0
9539,380,6.96
2674,115,32.0
3636,135,3.0
4394,480,40.0
2376,1014,10.0
9320,217,0.68
6815,47,50.0
3435,60,2400.0
4765,1015,0.0
11759,274,0.056
4550,1016,0.0
8631,1017,2.0
1069,1018,0.0
4029,281,360.0
9603,131,4.0
8248,1019,0.33
8900,842,1.824
8349,91,1.0
5770,948,1.0
11360,26,0.192
8824,62,0.24
8118,366,1.0
7999,209,16.0
12468,100,2.47
11566,1020,1.0
6680,854,0.3
466,1021,0.0
3781,538,840.0
1721,1022,0.0
11883,47,12.0
13024,1023,54.0
9105,761,1.0
3885,1024,1.0
5431,166,2.35
6437,1025,0.3
9256,408,0.1
13302,228,2.0
6546,319,1.28
5981,341,2.0
5365,1026,10.0
11692,327,0.52
2456,204,1976.0
9289,799,0.36
4140,1027,640.0
9538,189,1.0
11269,114,0.06
421,1028,0.0
6704,401,10.0
2478,295,480.0
3943,769,341.34
4193,60,8320.0
6884,791,52.0
1048,1029,0.0
10420,332,3.744
7449,47,14.0
857,1030,0.0
9206,1031,0.4
4937,38,0.7
7728,38,0.1
9699,79,0.2
13119,1032,0.98
2096,60,640.0
915,129,0.0
4485,1033,0.0
10495,40,0.1
10119,3,80.0
5958,5,0.5
10589,274,1.2
8299,484,0.528
1140,1034,0.0
11346,483,4.0
4975,776,0.304
7047,80,1.92
821,1035,0.0
1644,1036,0.0
5842,1037,17.5
11216,1038,0.568
10957,587,0.456
108,1039,0.0
8869,1040,1.0
7705,369,1.0
368,1041,0.0
4950,928,0.646
6877,589,0.364
3648,434,1280.0
3989,769,170.67
4686,1042,0.0
5295,291,10.0
9120,1043,3.0
5909,170,1.296
5220,44,1.6
5426,510,0.1
218,1044,0.0
4338,11,480.0
4316,774,4.0
2088,18,100.0
3155,1045,2.0
13421,75,3.0
4100,650,1.0
4502,1046,0.0
511,1047,0.0
701,1048,0.0
1714,1049,0.0
170,1050,0.0
4476,1051,0.0
10901,543,30.0
12967,1052,0.627
10807,842,1.872
1278,1053,0.0
574,1054,0.0
9625,365,1.0
40,1055,0.0
3692,321,96.0
11962,609,4.0
4514,1056,0.0
12388,101,0.2
11822,1057,0.882
3316,1058,3.0
10577,1059,0.9
933,318,0.0
10608,834,0.032
3685,60,400.0
12882,68,0.2
3464,1060,128.0
6780,291,20.0
1497,1061,0.0
4396,720,40.0
3335,935,60.0
347,1062,0.0
10074,1063,1.1
4780,1064,0.0
13112,1065,0.05
475,1066,0.0
6364,1067,0.44
3612,494,192.0
2086,295,200.0
12414,319,0.032
7475,291,10.0
4221,1068,16.0
8062,1069,0.72
6876,58,1.2
2343,10,25.0
1618,558,0.0
1403,717,0.0
6499,215,-0.1
8974,712,0.05
7745,1070,1.0
1651,1071,0.0
8493,1072,0.096
1744,583,0.0
4478,1073,0.0
7677,1074,0.1
11503,168,3.274
12460,1075,0.028
9633,1076,0.12
12234,1077,0.96
972,1078,0.0
13271,271,0.3
6393,180,0.72
6827,642,0.66
5096,3,12.0
3245,1079,3.0
11915,1080,1.12
11080,140,48.0
8798,44,0.4
12743,1081,0.06
9506,907,0.928
1202,1082,0.0
5710,471,0.9
4190,935,4.0
11453,761,12.0
9281,1083,0.27
5715,1084,0.06
12869,112,1.0
37,858,0.0
10153,172,0.1
1624,1085,0.0
3564,1086,20.0
9412,1087,0.2
5702,1088,27.0
5350,899,5.0
8855,1089,0.272
7477,1090,3.0
4490,1091,0.0
6760,591,0.14
4130,1092,480.0
8141,267,0.01
3756,352,3.0
2513,769,341.34
11616,1093,0.04
8098,992,0.091
12833,1094,0.408
10312,140,24.0
12223,805,0.1
1767,518,0.0
11039,243,0.32
11844,484,14.4
5251,944,0.048
1289,1095,0.0
7008,1096,0.061
5071,1097,1.0
4195,121,2.0
6905,1098,0.28
12219,1099,0.36
5026,1100,3.158
8960,175,0.5
5345,140,24.0
11643,68,0.04
8371,209,20.0
12212,1101,0.2
5911,36,1.24
7106,245,0.4
5118,1102,0.096
9194,1103,0.72
4732,1104,0.0
5329,484,1.44
7624,112,0.3
3412,771,1.0
8342,248,0.24
8863,1105,2.0
11488,1102,0.24
1351,1021,0.0
13047,277,0.1
1328,1106,0.0
9411,1107,0.257
4157,1108,160.0
10265,1109,0.08
2955,434,640.0
6635,1110,100.0
3563,1111,40.0
211,1112,0.0
9530,1113,0.02
1951,60,200.0
8128,80,2.24
652,518,0.0
1594,1114,0.0
9051,1077,0.04
11354,308,0.3
638,996,0.0
3313,1115,4.0
1397,1116,0.0
4049,480,60.0
11443,366,2.0
10388,679,0.15
1671,1117,0.0
6527,85,4.16
2755,1118,1.0
4973,146,0.456
2302,94,1080.0
4398,1115,1.0
12019,1119,0.05
3370,18,100.0
10217,112,0.3
2457,204,1976.0
2479,18,80.0
9742,1120,0.898
12484,156,6.4
6495,1121,-0.2
7602,91,2.0
2920,1122,2.0
13067,1123,2.4
12281,80,3.84
1471,54,0.0
4393,434,64.0
485,1124,0.0
9247,1125,0.2
13345,1126,30.0
899,129,0.0
1733,34,0.0
399,1127,0.0
2610,480,40.0
12530,1128,0.127
909,1129,0.0
5014,319,0.96
11840,1130,0.2
6128,64,4.0
3064,496,12.0
593,1131,0.0
1251,193,0.0
9965,274,5.28
12510,224,0.3
6070,1132,1.0
8766,271,0.1
13314,85,2.72
13344,417,2.0
4210,1133,100.0
11856,852,0.08
9071,3,60.0
13256,1134,0.8
4404,55,4.0
13144,1135,0.192
12483,319,0.96
765,1136,0.0
10025,38,0.2
583,1137,0.0
3468,18,40.0
10118,1138,0.22
5307,302,400.0
2151,352,3.0
9309,1139,0.04
9028,1140,0.3
2849,1141,20.0
1871,1142,1.0
11257,239,-7.0
12476,112,1.0
9119,274,0.96
5585,1143,5.363
739,558,0.0
2454,779,2.0
1985,132,512.01
3422,55,2.0
3546,1144,1.0
12627,1145,0.273
6316,1146,16.0
6074,307,100.0
7615,418,0.16
9553,1147,0.64
2612,720,40.0
2877,1148,1.0
751,176,0.0
8716,37,3.0
12108,618,0.04
1840,514,4.0
4342,779,1.0
1276,630,0.0
9962,1149,1.1
12237,1150,0.2
6555,1151,1.0
9681,647,0.2
4149,254,2066.6
9627,457,0.704
8580,1152,0.696
4795,343,0.0
8041,113,0.032
2118,428,1.0
1370,1153,0.0
741,908,0.0
2471,361,100.0
2496,1004,20.0
1189,1154,0.0
12027,1155,3.0
4681,1156,0.0
1571,1157,0.0
7625,282,0.6
4124,476,10.0
9025,80,0.128
13215,1158,0.58
1982,1159,10.0
12625,896,0.12
2663,18,200.0
9039,613,1.0
6888,348,20.0
2058,174,3.0
11800,140,1.0
2596,208,128.0
10492,52,1.0
2859,1160,320.0
4654,1161,0.0
2324,597,480.0
8814,454,1.344
5563,806,0.12
3509,428,1.0
9898,310,0.192
5386,332,4.68
4707,1162,0.0
6978,304,1.44
563,1163,0.0
8569,1006,10.0
9921,64,0.1
8240,467,2.0
1670,262,0.0
11978,412,0.8
12120,484,1.44
6075,192,2.7
6111,264,5.837
4401,1164,1.0
8917,1165,3.84
9771,1166,1.0
11861,776,0.114
4126,1167,10800.0
8340,1168,600.0
4128,1169,1200.0
181,1170,0.0
11734,24,320.0
11402,85,6.24
9969,1171,3.0
1956,1172,270.0
1058,122,0.0
10940,1173,0.34
9537,358,6.0
1400,1174,0.0
8962,1175,0.06
8013,1176,0.15
5036,1177,0.096
10448,307,20.0
5774,16,0.84
10558,80,0.384
1211,1178,0.0
7105,1179,0.24
12098,979,2.0
10812,364,1.5
9636,23,2.0
12800,101,0.3
4216,1180,73.0
12996,70,0.8
7336,35,0.72
8188,603,3.0
3061,60,160.0
4257,1181,720.0
1435,828,0.0
13406,63,20.0
93,1182,0.0
6943,1183,0.2
4906,1184,0.0
7937,1185,0.032
11908,47,24.0
5009,1186,0.192
2237,295,550.0
10798,511,0.648
12697,189,0.75
5091,1187,0.2
12775,112,0.2
5858,85,4.8
1085,717,0.0
429,193,0.0
3972,1188,1.0
4919,25,40.0
3644,55,10.0
13410,628,80.0
2949,1189,1.0
7710,634,25.0
6828,1070,1.0
409,1190,0.0
13355,454,4.8
1609,1191,0.0
6608,140,1.0
13115,247,0.2
9826,271,0.36
3551,856,2.0
7593,117,0.1
12488,852,0.04
2216,599,128.0
10442,228,0.1
950,1192,0.0
4751,1193,0.0
7986,228,1.5
12647,101,0.2
11937,1194,0.24
9586,733,0.06
5287,1195,15.0
5736,217,0.3
12190,1196,0.0
6346,252,2.0
6063,959,0.06
7204,837,0.02
1422,1197,0.0
5033,1198,1.8
4557,1199,0.0
820,201,0.0
13129,543,30.0
9989,867,0.36
5884,1200,3.0
12067,1201,1.0
10062,776,0.029
6837,1202,0.78
1286,1203,0.0
3376,55,50.0
8053,91,1.0
6750,439,0.2
12136,852,0.06
1092,1204,0.0
8531,1205,0.06
74,1206,0.0
3998,1086,500.0
5921,264,5.837
11586,511,0.24
8286,427,1.0
4120,428,5.0
292,1207,0.0
10769,1208,0.24
7128,1209,0.1
6320,377,2.1
2090,55,2.0
3496,1210,1.0
1802,1211,4.0
12300,1212,0.72
3211,1213,2.0
3596,1214,4.0
12939,80,0.96
319,1215,0.0
8517,473,-45.0
4835,1216,0.0
13049,1217,0.04
2956,1218,20.0
1826,352,2.0
4082,1219,1.0
10136,868,1.0
7869,1205,0.3
5441,1220,1.0
6254,687,1.0
7707,805,0.06
6175,365,8.0
13148,748,0.48
10379,267,0.12
1831,1221,1.0
5222,172,1.6
86,1222,0.0
13065,513,0.3
1220,1223,0.0
2819,1224,1.0
7696,180,0.24
2313,135,2.0
2421,135,20.0
2799,1225,3.0
5334,1226,11.4
2597,1227,1.0
595,1228,0.0
7534,277,0.4
7224,1229,0.01
4966,44,0.52
8940,1101,0.12
11968,44,0.05
13017,1230,5.6
12577,589,0.196
11002,38,0.1
62,1231,0.0
10655,484,14.4
12323,52,0.4
9585,875,0.5
2358,538,840.0
10633,239,1.0
11091,1232,2.0
10664,47,30.0
5915,1003,0.54
13318,120,0.256
6006,1233,1.0
7135,245,0.1
7768,791,2.0
959,558,0.0
11686,24,2.0
1514,1234,0.0
9649,1235,0.026
1480,1236,0.0
6927,3,20.0
10826,520,0.264
5864,1237,0.12
7507,454,0.768
8120,844,0.16
8247,1238,0.525
12513,15,1.6
9225,1239,0.144
12857,1240,0.4
13198,1241,0.92
11102,1013,0.15
10281,112,0.04
3414,1242,1.0
12059,140,48.0
7259,319,1.28
128,1243,0.0
11526,36,0.34
12313,196,0.04
7302,1244,452.0
12445,793,2.56
8995,1245,40.0
12561,1246,1.0
7770,609,5.0
11874,314,0.144
276,1247,0.0
9293,271,0.46
9422,267,0.2
1273,1248,0.0
7335,35,0.54
4522,1249,0.0
4036,115,128.0
11213,1250,1.14
1898,352,1.0
4607,1251,0.0
7018,1252,0.05
13180,86,0.3
9474,600,0.15
12841,454,1.344
716,1236,0.0
9449,1253,24.0
4411,792,2.0
1119,1254,0.0
8385,269,0.512
6921,19,0.2
12938,307,40.0
10413,1059,0.5
2317,428,1.0
4741,1255,0.0
5354,40,-0.12
10386,679,0.16
7891,1256,0.078
4345,231,40.0
4527,1257,0.0
9914,1258,0.5
4644,1259,0.0
7856,252,0.03
10800,364,1.276
1865,1260,65.0
7825,468,25.0
7325,673,0.25
12692,582,0.5
9960,62,0.72
11871,1261,0.616
12915,77,0.06
734,1262,0.0
7541,805,0.03
12563,40,0.12
4715,1263,0.0
7586,686,0.2
8954,759,2.8
12489,787,1.0
3493,119,1.0
10060,146,0.456
2866,1264,1.0
12860,1265,0.36
6642,175,0.1
11433,1266,1.0
3354,385,600.0
12876,1267,0.24
6322,112,0.4
13383,317,3.9
2583,1268,360.0
6401,560,0.3
7969,745,1.0
12156,1269,0.72
11182,1270,0.398
6225,217,0.24
8722,1271,0.96
6591,1272,1.0
7809,1273,0.12
10499,366,5.0
5175,1274,1.0
12573,1275,76.0
1794,1276,0.0
1693,1277,0.0
7800,1278,0.0
10918,931,0.24
5612,228,1.0
494,996,0.0
5310,467,3.0
158,1279,0.0
7632,409,1.2
3345,115,32.0
4402,60,320.0
7294,1280,-0.084
7529,1281,0.7
2288,18,100.0
9630,802,0.1
8345,483,1.0
966,1154,0.0
9751,1282,0.05
5157,332,3.744
2253,361,100.0
7408,1283,0.082
439,1284,0.0
2689,632,1.0
9798,782,0.84
1615,333,0.0
9041,62,2.4
7921,1285,0.24
3032,419,2.0
11730,138,0.538
9133,511,0.96
757,1286,0.0
4408,18,50.0
1091,1287,0.0
5438,1288,30.0
9335,1289,0.48
4924,108,5.28
3102,352,5.0
7249,1290,0.544
10998,274,0.48
4112,786,480.0
10723,219,8.0
6984,356,2.4
3015,588,1.0
3774,1291,10.0
7020,221,0.5
1879,281,600.0
12973,1292,0.176
12792,787,2.0
3222,521,864.0
8038,758,2.72
12957,64,1.2
9181,1293,6.407
11591,38,0.1
12014,44,0.48
10064,1294,0.16
8032,1295,0.4
3234,1296,1000.0
9661,1297,0.016
2590,60,320.0
1433,82,0.0
6299,1298,2.027
4851,1299,0.0
2175,1300,70.0
5628,44,0.1
2103,1144,1.0
5385,1301,0.04
10873,1302,0.7
4664,1303,0.0
1935,385,600.0
12274,1304,0.196
11698,1305,0.032
7101,1306,0.187
5153,600,1.0
9587,114,0.04
759,201,0.0
11925,1307,-30.0
830,728,0.0
11829,763,0.144
12668,267,0.2
3939,178,80.0
2448,145,100.0
11044,928,0.618
11229,511,0.12
12644,189,1.0
10936,348,8.0
8026,881,0.02
7343,681,0.36
12465,180,0.12
8002,852,0.02
1460,1308,0.0
10044,1309,0.2
6818,264,11.674
4554,1310,0.0
6033,1311,3.08
12635,684,1.5
3025,540,100.0
3835,1312,50.0
5262,316,0.24
135,1313,0.0
10104,997,0.5
12566,1314,1.0
9785,1282,0.06
8427,1315,0.9
800,1316,0.0
7170,804,0.05
428,1317,0.0
12318,236,6.24
10950,85,10.0
8410,1318,1.0
13295,101,0.16
3188,876,288.0
1256,1035,0.0
13373,14,2.0
12126,1319,0.144
4421,650,1.0
11490,767,8.58
2319,428,1.0
6715,80,3.2
4666,1320,0.0
8275,1321,0.064
9149,1322,0.48
7750,365,1.0
6308,572,1.7
6596,946,0.05
2528,1323,2.0
3185,521,144.0
11220,439,3.0
13116,1324,1.68
10913,251,1.0
10661,101,0.3
12462,58,2.0
9280,1325,0.14
11410,1063,0.5
6235,291,10.0
1,481,0.0
8359,852,0.1
3223,521,864.0
3579,84,360.0
3419,1086,800.0
12247,1326,2.0
6358,1326,0.2
3129,889,1.0
7628,592,1.0
13310,85,8.32
10729,804,0.22
8311,112,1.0
11254,47,15.0
2019,1327,10.0
3979,1328,192.0
8828,724,1.0
6072,168,3.255
6731,189,0.6
7564,85,8.32
2865,1329,1.0
12010,1330,0.4
10886,230,0.228
13372,14,2.0
4982,587,0.171
9637,1331,5.184
12609,478,24.0
9374,112,0.1
10150,296,30.0
6671,277,0.06
217,1332,0.0
9730,1333,0.2
4191,1334,7.0
3017,1335,432.0
12073,380,1.2
867,1336,0.0
6614,5,0.1
44,1337,0.0
18,1338,0.0
7172,412,0.04
8168,186,1.6
1884,60,1040.0
2997,51,16.0
11378,484,0.156
2999,1339,240.0
11205,1305,0.8
11351,217,1.0
7133,1340,0.02
4194,1341,1.0
3144,1342,1.0
6940,1343,0.1
5293,282,0.24
12326,799,0.1
12487,172,0.12
6260,1344,0.1
260,1345,0.0
9306,112,0.07
10733,609,20.0
9442,712,0.2
5641,1346,1.26
533,1347,0.0
8640,380,1.44
10924,1326,0.2
10774,600,0.2
9718,851,0.336
12990,1348,0.7
11423,418,0.3
12396,380,0.72
431,1349,0.0
9387,186,1.6
2329,89,2496.0
4823,1350,0.0
3438,1351,120.0
578,1352,0.0
12474,112,1.5
4861,1353,0.0
8170,182,0.03
10311,1354,20.0
3722,361,100.0
1699,1355,0.0
762,1018,0.0
8746,450,0.048
797,570,0.0
8639,1356,0.18
5643,1357,0.224
5590,1358,0.72
9245,1359,0.504
12135,217,0.02
12633,1360,20.0
2547,229,1.0
1942,22,30.0
3300,1361,32.0
5145,189,2.0
6694,144,7.0
2857,703,30.0
9808,1362,0.45
5704,1363,4.0
4673,1364,0.0
5825,19,0.8
4103,1365,1.0
12079,1366,0.1
592,1131,0.0
3367,480,50.0
8445,1187,0.23
1042,1367,0.0
10802,38,0.1
7069,1368,2.8
2518,174,8.0
2222,135,3.0
8806,140,1.0
8813,467,4.0
3001,1369,240.0
6114,1370,1.0
8360,806,0.3
7503,5,0.24
11225,1371,0.8
961,1372,0.0
2900,1373,1.0
8652,380,-0.24
7061,1374,0.02
3858,18,100.0
884,1375,0.0
4116,873,8640.0
8450,1376,400.0
11074,1377,0.24
6171,677,10.0
6805,1378,0.5
12580,85,7.28
8397,1119,1.0
4289,1379,2.0
8362,473,45.0
6334,291,30.0
9487,189,0.3
3038,370,480.0
2901,1380,1.0
6662,1381,5.1
2451,135,4.0
12931,776,0.19
10142,510,0.3
4101,889,1.0
11618,36,2.0
12117,1382,0.12
1161,1383,0.0
7978,725,0.1
13030,715,0.5
10764,1384,0.155
7309,44,0.4
2155,396,384.0
6970,1385,1.0
7014,1386,0.084
10609,85,0.96
3275,89,2496.0
8257,242,1.0
13201,85,11.44
5560,1387,2.0
11784,1388,0.432
10372,188,0.16
13077,86,0.4
7079,124,0.6
1148,181,0.0
8285,228,1.0
4833,1389,0.0
7326,439,0.4
10176,1152,0.48
11489,1390,14.6
7051,112,0.2
1887,352,4.0
3878,798,2.0
1340,1391,0.0
13269,1370,0.3
8489,1392,0.12
6142,187,64.0
9782,1393,0.1
7900,1394,61.0
3106,135,2.0
1502,347,0.0
11524,587,0.342
2767,149,100.0
4897,1395,0.0
2821,1396,2240.0
11365,1397,0.06
9924,1398,0.5
10410,439,1.0
